性別,サンドイッチ
男性,ハムサンド
女性,サラダサンド
男性,ハムサンド
女性,ハムサンド
男性,ハムサンド
男性,ハムサンド
男性,サラダサンド
男性,ハムサンド
女性,サラダサンド
男性,サラダサンド
女性,サラダサンド
男性,サラダサンド
女性,サラダサンド
女性,ハムサンド
男性,サラダサンド
女性,ハムサンド
男性,サラダサンド
女性,サラダサンド
男性,ハムサンド
女性,サラダサンド
女性,ハムサンド
女性,ハムサンド
男性,ハムサンド
女性,サラダサンド
男性,ハムサンド
女性,ハムサンド
男性,ハムサンド
女性,ハムサンド
女性,サラダサンド
女性,ハムサンド
女性,ハムサンド
男性,サラダサンド
女性,ハムサンド
女性,サラダサンド
男性,サラダサンド
女性,サラダサンド
女性,サラダサンド
男性,サラダサンド
女性,ハムサンド
男性,サラダサンド
女性,ハムサンド
女性,サラダサンド
男性,サラダサンド
女性,ハムサンド
男性,サラダサンド
女性,サラダサンド
男性,サラダサンド
女性,サラダサンド
男性,ハムサンド
女性,ハムサンド